transaction_id,client_id,date,ville,region,meteo,saison,ramadan,categorie,produit,pays_fabricant,type_vente,prix,promotion,stock,quantite_vendue,montant_total
T1,C93810,2025-01-31,Bamenda,Nord-Ouest,fraiche,seche,0,cosmetique,shampoing,Nigeria,presentiel,209892,0,16870,166,34842072
T2,C24592,2022-11-27,Bertoua,Est,humide,seche,0,habit,tshirt,USA,presentiel,331365,0,2453,16,5301840
T3,C13278,2025-03-30,Kribi,Sud,humide,pluie,1,habit,tshirt,USA,en_ligne,158730,0,18451,183,29047590
T4,C46048,2025-06-21,Ebolowa,Sud,humide,pluie,0,habit,veste,Turquie,presentiel,258840,0,10647,111,28731240
T5,C42098,2022-11-12,Yaounde,Centre,temperee,seche,0,cosmetique,parfum,France,presentiel,384318,0,48575,475,182551050
T6,C39256,2022-02-04,Douala,Littoral,humide,seche,0,bijoux,montre,Italie,presentiel,461773,0,13437,104,48024392
T7,C28289,2023-12-04,Yaounde,Centre,temperee,seche,0,aliment,huile,Cameroun,en_ligne,101299,0,11554,137,13877963
T8,C23434,2025-06-29,Ebolowa,Sud,humide,pluie,0,bijoux,montre,Italie,presentiel,469281,0,21291,187,87755547
T9,C98696,2022-08-05,Ebolowa,Sud,humide,pluie,0,habit,chapeau,Nigeria,en_ligne,304918,0,2047,9,2744262
T10,C81482,2024-12-22,Bafoussam,Ouest,fraiche,seche,0,aliment,sucre,Cameroun,presentiel,14666,0,26874,289,4238474
T11,C21395,2022-02-10,Ngaoundere,Adamaoua,fraiche,seche,0,cosmetique,maquillage,USA,presentiel,353279,0,11857,95,33561505
T12,C87397,2024-03-15,Bafoussam,Ouest,fraiche,pluie,1,aliment,sucre,Cameroun,presentiel,493234,0,13793,103,50803102
T13,C65302,2024-10-25,Kribi,Sud,humide,seche,0,habit,chaussure,Italie,en_ligne,395422,0,23439,209,82643198
T14,C14165,2024-05-13,Ngaoundere,Adamaoua,fraiche,pluie,0,aliment,boisson,Cameroun,presentiel,107878,0,1698,22,2373316
T15,C13905,2023-06-09,Ngaoundere,Adamaoua,fraiche,pluie,0,aliment,huile,Cameroun,presentiel,373369,1,49100,485,181083965
T16,C22280,2023-10-08,Bamenda,Nord-Ouest,fraiche,seche,0,cosmetique,shampoing,Nigeria,presentiel,77766,1,44282,453,35227998
T17,C38657,2025-11-09,Ebolowa,Sud,humide,seche,0,aliment,huile,Cameroun,presentiel,57016,0,21979,235,13398760
T18,C40495,2022-11-14,Garoua,Nord,chaude,seche,0,bijoux,colier,USA,presentiel,167838,0,30323,306,51358428
T19,C76237,2025-06-10,Bamenda,Nord-Ouest,fraiche,pluie,0,cosmetique,shampoing,Nigeria,en_ligne,216283,0,44437,447,96678501
T20,C88907,2025-02-10,Garoua,Nord,chaude,seche,0,aliment,riz,Nigeria,en_ligne,227281,0,46665,462,105003822
T21,C13478,2025-06-02,Douala,Littoral,humide,pluie,0,cosmetique,parfum,France,en_ligne,127657,1,21939,230,29361110
T22,C83563,2024-04-15,Ngaoundere,Adamaoua,fraiche,pluie,1,habit,veste,Turquie,presentiel,463079,0,40565,379,175506941
T23,C36062,2024-09-08,Douala,Littoral,humide,pluie,0,habit,chaussure,Italie,en_ligne,17708,1,2831,47,832276
T24,C95181,2023-02-07,Kribi,Sud,humide,seche,0,habit,veste,Turquie,presentiel,462486,0,19380,167,77235162
T25,C81426,2023-07-05,Yaounde,Centre,temperee,pluie,0,cosmetique,shampoing,Nigeria,en_ligne,303528,0,21938,221,67079688
T26,C64987,2022-09-20,Kribi,Sud,humide,pluie,0,habit,chapeau,Nigeria,presentiel,135121,1,47377,482,65128322
T27,C38893,2024-11-26,Ngaoundere,Adamaoua,fraiche,seche,0,cosmetique,savon,Cameroun,presentiel,446623,1,6315,41,18311543
T28,C68878,2025-02-17,Douala,Littoral,humide,seche,0,habit,chaussure,Italie,presentiel,269683,1,48374,482,129987206
T29,C87236,2022-04-09,Ebolowa,Sud,humide,pluie,1,cosmetique,savon,Cameroun,presentiel,4869,0,46780,493,2400417
T30,C46463,2022-06-10,Bamenda,Nord-Ouest,fraiche,pluie,0,habit,pantalon,Chine,en_ligne,60871,0,46234,471,28670241
T31,C10851,2023-02-05,Douala,Littoral,humide,seche,0,habit,chaussure,Italie,en_ligne,283974,0,14393,133,37768542
T32,C30926,2025-10-20,Bafoussam,Ouest,fraiche,seche,0,aliment,huile,Cameroun,presentiel,362032,0,41939,396,143364672
T33,C65392,2023-03-29,Bafoussam,Ouest,fraiche,pluie,1,aliment,riz,Nigeria,en_ligne,189563,1,43504,448,84924224
T34,C54597,2023-06-02,Bafoussam,Ouest,fraiche,pluie,0,aliment,boisson,Cameroun,presentiel,360896,0,49778,476,171786496
T35,C46421,2023-12-01,Douala,Littoral,humide,seche,0,habit,robe,France,en_ligne,270246,0,19798,204,55130184
T36,C30379,2023-07-20,Kribi,Sud,humide,pluie,0,habit,pantalon,Chine,en_ligne,74991,0,18090,179,13423389
T37,C38221,2022-06-04,Kribi,Sud,humide,pluie,0,habit,veste,Turquie,presentiel,107864,1,40131,424,45734336
T38,C54118,2024-01-29,Kribi,Sud,humide,seche,0,bijoux,bague,Espagne,presentiel,221963,0,24396,229,50829527
T39,C23396,2023-11-16,Bamenda,Nord-Ouest,fraiche,seche,0,habit,tshirt,USA,presentiel,126046,0,13141,145,18276670
T40,C22156,2024-05-03,Bafoussam,Ouest,fraiche,pluie,0,aliment,farine,Cameroun,presentiel,229897,0,42695,425,97706225
T41,C59797,2024-04-17,Maroua,Extreme-Nord,tres_chaude,pluie,1,aliment,boisson,Cameroun,presentiel,414724,0,48767,473,196164452
T42,C22676,2025-01-31,Bamenda,Nord-Ouest,fraiche,seche,0,habit,chapeau,Nigeria,presentiel,213810,0,8007,72,15394320
T43,C57052,2023-09-28,Kribi,Sud,humide,pluie,0,cosmetique,parfum,France,presentiel,212706,0,47050,471,100184526
T44,C55082,2024-01-11,Kribi,Sud,humide,seche,0,bijoux,colier,USA,presentiel,102235,0,1101,14,1431290
T45,C89131,2023-05-28,Yaounde,Centre,temperee,pluie,0,habit,robe,France,en_ligne,189628,0,3363,33,6257724
T46,C44671,2023-12-05,Garoua,Nord,chaude,seche,0,habit,veste,Turquie,en_ligne,69215,0,7273,86,5952490
T47,C15695,2025-08-01,Garoua,Nord,chaude,pluie,0,habit,chaussure,Italie,presentiel,193475,0,43939,442,85515950
T48,C70217,2023-04-19,Garoua,Nord,chaude,pluie,1,aliment,riz,Nigeria,presentiel,497972,0,23069,223,111047756
T49,C80284,2025-01-28,Yaounde,Centre,temperee,seche,0,bijoux,colier,USA,presentiel,364937,0,41995,400,145974800
T50,C26361,2023-05-31,Bertoua,Est,humide,pluie,0,aliment,huile,Cameroun,en_ligne,355151,0,871,3,1065453
T51,C59615,2023-11-21,Bafoussam,Ouest,fraiche,seche,0,aliment,riz,Nigeria,presentiel,357754,1,40790,390,139524060
T52,C20328,2025-12-11,Bertoua,Est,humide,seche,0,cosmetique,maquillage,USA,en_ligne,481243,0,12181,80,38499440
T53,C82357,2024-01-24,Bafoussam,Ouest,fraiche,seche,0,aliment,huile,Cameroun,presentiel,116585,0,11281,115,13407275
T54,C48427,2022-04-25,Ebolowa,Sud,humide,pluie,1,habit,pantalon,Chine,presentiel,159164,1,7563,80,12733120
T55,C92397,2023-12-30,Garoua,Nord,chaude,seche,0,aliment,lait,France,en_ligne,20888,0,48836,501,10464888
T56,C91070,2024-09-04,Douala,Littoral,humide,pluie,0,bijoux,bracelet,Nigeria,presentiel,427695,1,36228,343,146699385
T57,C57400,2022-10-06,Ebolowa,Sud,humide,seche,0,cosmetique,savon,Cameroun,presentiel,16397,0,748,23,377131
T58,C85674,2023-02-01,Bafoussam,Ouest,fraiche,seche,0,aliment,boisson,Cameroun,presentiel,419682,0,35290,334,140173788
T59,C35203,2024-04-30,Kribi,Sud,humide,pluie,1,bijoux,bracelet,Nigeria,en_ligne,104795,0,11150,118,12365810
T60,C19116,2025-03-20,Ebolowa,Sud,humide,pluie,1,habit,chapeau,Nigeria,presentiel,275318,1,37517,369,101592342
T61,C16006,2025-04-01,Ngaoundere,Adamaoua,fraiche,pluie,1,aliment,riz,Nigeria,presentiel,181208,1,35327,378,68496624
T62,C96673,2025-06-30,Maroua,Extreme-Nord,tres_chaude,pluie,0,aliment,huile,Cameroun,en_ligne,357249,1,17944,175,62518575
T63,C39871,2025-12-16,Bafoussam,Ouest,fraiche,seche,0,aliment,farine,Cameroun,presentiel,240067,0,40282,399,95786733
T64,C47930,2025-08-17,Bamenda,Nord-Ouest,fraiche,pluie,0,habit,tshirt,USA,en_ligne,205196,0,26810,269,55197724
T65,C20458,2022-02-08,Bafoussam,Ouest,fraiche,seche,0,aliment,huile,Cameroun,presentiel,125961,1,13136,144,18138384
T66,C40512,2024-10-21,Bafoussam,Ouest,fraiche,seche,0,aliment,riz,Nigeria,presentiel,292160,0,17332,162,47329920
T67,C23238,2025-02-14,Maroua,Extreme-Nord,tres_chaude,seche,0,habit,tshirt,USA,presentiel,298764,0,20579,211,63039204
T68,C59823,2025-05-21,Garoua,Nord,chaude,pluie,0,aliment,sucre,Cameroun,presentiel,116065,0,38433,385,44685025
T69,C46434,2025-10-28,Maroua,Extreme-Nord,tres_chaude,seche,0,habit,chaussure,Italie,en_ligne,343003,1,11043,101,34643303
T70,C69429,2022-12-24,Bertoua,Est,humide,seche,0,habit,tshirt,USA,en_ligne,325673,0,40271,392,127663816
T71,C93320,2023-06-24,Garoua,Nord,chaude,pluie,0,bijoux,boucle,Nigeria,en_ligne,433304,0,35567,319,138223976
T72,C57819,2025-06-30,Maroua,Extreme-Nord,tres_chaude,pluie,0,aliment,boisson,Cameroun,presentiel,131473,0,23813,251,32999723
T73,C31319,2025-02-16,Bertoua,Est,humide,seche,0,cosmetique,savon,Cameroun,presentiel,244926,0,23853,235,57557610
T74,C58520,2024-04-06,Douala,Littoral,humide,pluie,1,aliment,huile,Cameroun,en_ligne,272846,0,40963,403,109956938
T75,C56566,2023-06-02,Douala,Littoral,humide,pluie,0,aliment,boisson,Cameroun,presentiel,52612,0,3656,48,2525376
T76,C37460,2023-12-15,Kribi,Sud,humide,seche,0,bijoux,bracelet,Nigeria,presentiel,40765,0,17120,183,7459995
T77,C97841,2023-03-25,Douala,Littoral,humide,pluie,1,aliment,huile,Cameroun,en_ligne,140311,0,49421,496,69594256
T78,C44993,2023-03-14,Maroua,Extreme-Nord,tres_chaude,pluie,1,habit,boubou,Turquie,presentiel,117765,1,24305,282,33209730
T79,C99593,2023-02-05,Ngaoundere,Adamaoua,fraiche,seche,0,bijoux,montre,Italie,presentiel,487450,0,15801,115,56056750
T80,C94939,2024-03-16,Yaounde,Centre,temperee,pluie,1,habit,veste,Turquie,en_ligne,457102,1,28940,276,126160152
T81,C19358,2024-09-10,Ngaoundere,Adamaoua,fraiche,pluie,0,aliment,lait,France,presentiel,435027,0,19876,187,81350049
T82,C89840,2024-02-24,Bamenda,Nord-Ouest,fraiche,seche,0,cosmetique,savon,Cameroun,presentiel,7569,0,36606,380,2876220
T83,C93227,2022-04-21,Ebolowa,Sud,humide,pluie,1,aliment,sucre,Cameroun,presentiel,155487,0,45435,454,70591098
T84,C32431,2022-10-08,Bafoussam,Ouest,fraiche,seche,0,habit,boubou,Turquie,presentiel,406530,0,21528,180,73175400
T85,C80010,2023-08-27,Kribi,Sud,humide,pluie,0,bijoux,bracelet,Nigeria,presentiel,368824,0,27713,254,93681296
T86,C42087,2025-01-06,Kribi,Sud,humide,seche,0,habit,tshirt,USA,en_ligne,286718,0,10498,104,29818672
T87,C31417,2022-12-16,Douala,Littoral,humide,seche,0,cosmetique,shampoing,Nigeria,en_ligne,474930,0,322,1,474930
T88,C70589,2023-12-27,Kribi,Sud,humide,seche,0,habit,pantalon,Chine,presentiel,149820,0,15054,147,22023540
T89,C59735,2024-06-01,Ngaoundere,Adamaoua,fraiche,pluie,0,cosmetique,parfum,France,presentiel,40638,0,40461,418,16986684
T90,C45382,2024-01-09,Bafoussam,Ouest,fraiche,seche,0,aliment,riz,Nigeria,presentiel,143339,0,29946,303,43431717
T91,C93886,2022-05-06,Ebolowa,Sud,humide,pluie,0,habit,chapeau,Nigeria,presentiel,9561,1,26754,287,2744007
T92,C83000,2022-04-21,Maroua,Extreme-Nord,tres_chaude,pluie,1,aliment,huile,Cameroun,presentiel,25275,0,35260,392,9907800
T93,C38785,2023-11-23,Kribi,Sud,humide,seche,0,habit,robe,France,presentiel,281404,0,28044,265,74572060
T94,C99733,2025-12-31,Maroua,Extreme-Nord,tres_chaude,seche,0,bijoux,bracelet,Nigeria,en_ligne,160211,1,10609,115,18424265
T95,C52504,2024-04-02,Ebolowa,Sud,humide,pluie,1,habit,veste,Turquie,en_ligne,268468,1,38130,387,103897116
T96,C17331,2025-09-07,Bamenda,Nord-Ouest,fraiche,pluie,0,aliment,lait,France,en_ligne,395333,0,18955,170,67206610
T97,C40021,2024-08-04,Ebolowa,Sud,humide,pluie,0,cosmetique,shampoing,Nigeria,presentiel,310658,1,6489,62,19260796
T98,C14207,2025-02-15,Bamenda,Nord-Ouest,fraiche,seche,0,cosmetique,shampoing,Nigeria,presentiel,237659,0,39021,384,91261056
T99,C51347,2022-05-19,Bamenda,Nord-Ouest,fraiche,pluie,0,aliment,boisson,Cameroun,en_ligne,244353,0,16664,161,39340833
T100,C62581,2022-06-21,Yaounde,Centre,temperee,pluie,0,cosmetique,parfum,France,en_ligne,134414,0,19236,199,26748386
T101,C45093,2024-06-29,Bertoua,Est,humide,pluie,0,cosmetique,parfum,France,presentiel,370432,1,12239,104,38524928
T102,C18675,2022-11-30,Garoua,Nord,chaude,seche,0,cosmetique,parfum,France,en_ligne,337842,0,5435,38,12837996
T103,C37653,2025-10-04,Bertoua,Est,humide,seche,0,aliment,boisson,Cameroun,en_ligne,353005,1,15544,150,52950750
T104,C84341,2024-04-30,Kribi,Sud,humide,pluie,1,bijoux,bague,Espagne,presentiel,479272,0,9530,59,28277048
T105,C51245,2024-03-10,Bafoussam,Ouest,fraiche,pluie,1,aliment,riz,Nigeria,presentiel,151646,0,2212,29,4397734
T106,C37869,2024-10-03,Ngaoundere,Adamaoua,fraiche,seche,0,habit,boubou,Turquie,presentiel,399234,0,41177,389,155302026
T107,C95909,2023-08-02,Ngaoundere,Adamaoua,fraiche,pluie,0,cosmetique,creme,France,en_ligne,345054,1,5428,42,14492268
T108,C75435,2023-04-23,Ngaoundere,Adamaoua,fraiche,pluie,1,aliment,huile,Cameroun,presentiel,308172,0,17354,180,55470960
T109,C61856,2025-07-01,Bamenda,Nord-Ouest,fraiche,pluie,0,bijoux,bracelet,Nigeria,presentiel,176944,0,23730,235,41581840
T110,C94259,2022-08-04,Bamenda,Nord-Ouest,fraiche,pluie,0,bijoux,montre,Italie,en_ligne,16382,0,3776,50,819100
T111,C70142,2025-12-05,Bafoussam,Ouest,fraiche,seche,0,aliment,boisson,Cameroun,presentiel,132330,0,12318,159,21040470
T112,C28726,2024-05-21,Maroua,Extreme-Nord,tres_chaude,pluie,0,habit,chaussure,Italie,presentiel,78077,0,10477,116,9056932
T113,C44718,2024-08-15,Yaounde,Centre,temperee,pluie,0,habit,veste,Turquie,presentiel,291450,1,37239,374,109002300
T114,C28301,2025-03-02,Bertoua,Est,humide,pluie,1,bijoux,montre,Italie,presentiel,198382,0,20550,205,40668310
T115,C42325,2025-08-13,Maroua,Extreme-Nord,tres_chaude,pluie,0,aliment,riz,Nigeria,en_ligne,431460,0,47543,460,198471600
T116,C83579,2024-09-09,Ebolowa,Sud,humide,pluie,0,cosmetique,savon,Cameroun,presentiel,383863,0,11714,109,41841067
T117,C80644,2025-08-25,Ebolowa,Sud,humide,pluie,0,aliment,huile,Cameroun,en_ligne,15224,0,49708,527,8023048
T118,C44438,2022-03-16,Maroua,Extreme-Nord,tres_chaude,pluie,1,aliment,riz,Nigeria,presentiel,300512,0,41934,429,128919648
T119,C86622,2025-04-20,Bertoua,Est,humide,pluie,1,aliment,boisson,Cameroun,presentiel,220967,0,37168,367,81094889
T120,C66155,2023-10-28,Yaounde,Centre,temperee,seche,0,cosmetique,maquillage,USA,presentiel,21816,0,24937,267,5824872
T121,C86484,2023-07-15,Ngaoundere,Adamaoua,fraiche,pluie,0,cosmetique,parfum,France,presentiel,428935,1,2099,1,428935
T122,C62350,2023-03-05,Bertoua,Est,humide,pluie,1,cosmetique,savon,Cameroun,presentiel,181374,0,6665,71,12877554
T123,C57447,2022-04-24,Maroua,Extreme-Nord,tres_chaude,pluie,1,aliment,lait,France,en_ligne,394092,0,48790,495,195075540
T124,C38746,2022-06-11,Douala,Littoral,humide,pluie,0,habit,veste,Turquie,presentiel,218454,0,45388,461,100707294
T125,C28131,2023-03-19,Bertoua,Est,humide,pluie,1,aliment,sucre,Cameroun,en_ligne,157232,0,13595,134,21069088
T126,C76784,2022-04-06,Bertoua,Est,humide,pluie,1,bijoux,bracelet,Nigeria,presentiel,14175,0,41144,420,5953500
T127,C74686,2023-04-14,Ngaoundere,Adamaoua,fraiche,pluie,1,aliment,farine,Cameroun,presentiel,280176,0,20099,179,50151504
T128,C21915,2025-08-01,Yaounde,Centre,temperee,pluie,0,habit,robe,France,presentiel,218586,0,34197,335,73226310
T129,C16175,2023-04-16,Ngaoundere,Adamaoua,fraiche,pluie,1,habit,boubou,Turquie,presentiel,134351,0,7103,97,13032047
T130,C24371,2024-05-03,Bertoua,Est,humide,pluie,0,habit,tshirt,USA,presentiel,219215,0,28549,278,60941770
T131,C30033,2025-05-17,Ebolowa,Sud,humide,pluie,0,habit,chapeau,Nigeria,presentiel,25752,0,41421,425,10944600
T132,C92240,2024-03-15,Maroua,Extreme-Nord,tres_chaude,pluie,1,bijoux,montre,Italie,presentiel,190456,0,39972,389,74087384
T133,C30969,2025-03-22,Maroua,Extreme-Nord,tres_chaude,pluie,1,bijoux,colier,USA,en_ligne,18725,0,40780,415,7770875
T134,C99192,2024-01-01,Bertoua,Est,humide,seche,0,habit,pantalon,Chine,presentiel,226137,1,35757,356,80504772
T135,C65333,2023-12-03,Kribi,Sud,humide,seche,0,aliment,boisson,Cameroun,en_ligne,194192,0,11575,139,26992688
T136,C88172,2024-03-04,Garoua,Nord,chaude,pluie,1,cosmetique,shampoing,Nigeria,presentiel,224320,1,31483,314,70436480
T137,C18326,2025-08-26,Yaounde,Centre,temperee,pluie,0,aliment,riz,Nigeria,en_ligne,61129,0,48295,501,30625629
T138,C60432,2025-06-21,Douala,Littoral,humide,pluie,0,habit,robe,France,en_ligne,180376,1,1544,23,4148648
T139,C60019,2023-12-14,Bertoua,Est,humide,seche,0,bijoux,bague,Espagne,presentiel,85559,0,13370,132,11293788
T140,C88104,2022-05-11,Yaounde,Centre,temperee,pluie,0,cosmetique,maquillage,USA,presentiel,22581,0,26232,273,6164613
T141,C71348,2024-08-14,Douala,Littoral,humide,pluie,0,bijoux,colier,USA,en_ligne,153563,0,24811,247,37930061
T142,C79352,2023-10-23,Douala,Littoral,humide,seche,0,habit,pantalon,Chine,presentiel,466071,0,11938,94,43810674
T143,C42953,2023-05-04,Kribi,Sud,humide,pluie,0,cosmetique,creme,France,presentiel,371040,0,19561,190,70497600
T144,C82512,2023-01-26,Garoua,Nord,chaude,seche,0,habit,chemises,France,presentiel,478657,0,34288,301,144075757
T145,C11504,2025-05-31,Bamenda,Nord-Ouest,fraiche,pluie,0,habit,boubou,Turquie,presentiel,68150,0,9394,109,7428350
T146,C99166,2024-09-21,Yaounde,Centre,temperee,pluie,0,cosmetique,shampoing,Nigeria,en_ligne,153734,0,41018,424,65183216
T147,C25014,2023-05-12,Bamenda,Nord-Ouest,fraiche,pluie,0,bijoux,bague,Espagne,presentiel,115824,1,13757,136,15752064
T148,C99353,2022-11-07,Bafoussam,Ouest,fraiche,seche,0,bijoux,colier,USA,en_ligne,228577,1,3830,31,7085887
T149,C80381,2024-03-24,Bamenda,Nord-Ouest,fraiche,pluie,1,cosmetique,shampoing,Nigeria,presentiel,75972,0,33059,352,26742144
T150,C44973,2025-06-16,Ebolowa,Sud,humide,pluie,0,bijoux,bague,Espagne,presentiel,252195,1,32753,312,78684840
T151,C94012,2022-01-03,Bertoua,Est,humide,seche,0,aliment,boisson,Cameroun,presentiel,435816,0,24577,231,100673496
T152,C54587,2023-02-03,Douala,Littoral,humide,seche,0,cosmetique,maquillage,USA,en_ligne,45001,1,45048,468,21060468
T153,C24621,2024-03-17,Bertoua,Est,humide,pluie,1,bijoux,bracelet,Nigeria,presentiel,36636,1,24282,252,9232272
T154,C48469,2024-02-11,Bertoua,Est,humide,seche,0,bijoux,boucle,Nigeria,presentiel,497084,0,40062,356,176961904
T155,C66985,2024-04-04,Kribi,Sud,humide,pluie,1,cosmetique,creme,France,presentiel,120533,1,8265,104,12535432
T156,C30730,2023-11-20,Ebolowa,Sud,humide,seche,0,habit,veste,Turquie,en_ligne,9657,0,25445,266,2568762
T157,C69470,2022-08-04,Bafoussam,Ouest,fraiche,pluie,0,aliment,pates,Italie,presentiel,297804,0,37463,353,105124812
T158,C10425,2025-07-14,Ebolowa,Sud,humide,pluie,0,habit,veste,Turquie,en_ligne,329304,0,23285,231,76069224
T159,C44522,2023-06-05,Bertoua,Est,humide,pluie,0,cosmetique,shampoing,Nigeria,en_ligne,27559,0,4153,60,1653540
T160,C75612,2025-06-28,Garoua,Nord,chaude,pluie,0,aliment,huile,Cameroun,en_ligne,390411,0,41775,405,158116455
T161,C33416,2024-08-30,Douala,Littoral,humide,pluie,0,habit,robe,France,en_ligne,4396,1,1611,40,175840
T162,C76542,2022-02-09,Douala,Littoral,humide,seche,0,habit,chemises,France,presentiel,200747,1,18108,179,35933713
T163,C23947,2025-04-08,Bamenda,Nord-Ouest,fraiche,pluie,1,habit,robe,France,en_ligne,196692,1,9037,96,18882432
T164,C91959,2024-11-20,Ngaoundere,Adamaoua,fraiche,seche,0,habit,boubou,Turquie,presentiel,497518,0,48865,457,227365726
T165,C49117,2025-06-01,Douala,Littoral,humide,pluie,0,bijoux,montre,Italie,en_ligne,408203,0,1027,1,408203
T166,C93748,2023-04-12,Ngaoundere,Adamaoua,fraiche,pluie,1,aliment,riz,Nigeria,presentiel,231947,0,26680,286,66336842
T167,C76540,2025-05-04,Bamenda,Nord-Ouest,fraiche,pluie,0,cosmetique,savon,Cameroun,presentiel,183264,1,8093,95,17410080
T168,C89818,2023-12-06,Maroua,Extreme-Nord,tres_chaude,seche,0,aliment,riz,Nigeria,presentiel,432783,0,21215,204,88287732
T169,C36071,2024-02-02,Bafoussam,Ouest,fraiche,seche,0,aliment,boisson,Cameroun,en_ligne,125786,1,31618,331,41635166
T170,C30032,2023-04-04,Kribi,Sud,humide,pluie,1,aliment,boisson,Cameroun,en_ligne,234732,1,23670,239,56100948
T171,C59009,2022-02-08,Ngaoundere,Adamaoua,fraiche,seche,0,cosmetique,shampoing,Nigeria,en_ligne,455761,1,3113,1,455761
T172,C31174,2024-04-28,Bertoua,Est,humide,pluie,1,aliment,sucre,Cameroun,presentiel,260916,0,48921,478,124717848
T173,C80697,2025-11-11,Douala,Littoral,humide,seche,0,habit,pantalon,Chine,en_ligne,397196,0,19460,175,69509300
T174,C79514,2024-03-02,Yaounde,Centre,temperee,pluie,1,habit,chaussure,Italie,en_ligne,285707,0,5796,46,13142522
T175,C10074,2023-06-04,Yaounde,Centre,temperee,pluie,0,aliment,sucre,Cameroun,presentiel,434043,0,44879,419,181864017
T176,C88504,2024-06-17,Bamenda,Nord-Ouest,fraiche,pluie,0,bijoux,bague,Espagne,en_ligne,262550,0,13567,117,30718350
T177,C52487,2023-06-05,Maroua,Extreme-Nord,tres_chaude,pluie,0,bijoux,bracelet,Nigeria,presentiel,313412,0,16987,151,47325212
T178,C74042,2022-03-13,Garoua,Nord,chaude,pluie,1,aliment,huile,Cameroun,presentiel,195118,1,6174,93,18145974
T179,C12552,2024-03-11,Maroua,Extreme-Nord,tres_chaude,pluie,1,cosmetique,shampoing,Nigeria,presentiel,310311,0,39519,387,120090357
T180,C24662,2024-12-05,Maroua,Extreme-Nord,tres_chaude,seche,0,habit,boubou,Turquie,presentiel,207735,0,49173,483,100336005
T181,C57576,2024-03-11,Ebolowa,Sud,humide,pluie,1,aliment,huile,Cameroun,presentiel,58985,0,43221,454,26779190
T182,C50306,2024-05-20,Kribi,Sud,humide,pluie,0,aliment,boisson,Cameroun,presentiel,198713,0,6110,56,11127928
T183,C41385,2023-09-27,Maroua,Extreme-Nord,tres_chaude,pluie,0,cosmetique,savon,Cameroun,en_ligne,159087,0,25311,267,42476229
T184,C17592,2025-09-03,Bamenda,Nord-Ouest,fraiche,pluie,0,habit,chaussure,Italie,presentiel,231834,1,919,9,2086506
T185,C41571,2025-08-30,Maroua,Extreme-Nord,tres_chaude,pluie,0,bijoux,bague,Espagne,en_ligne,255627,1,46046,453,115799031
T186,C84364,2024-10-10,Ngaoundere,Adamaoua,fraiche,seche,0,habit,tshirt,USA,presentiel,421961,0,4800,33,13924713
T187,C20322,2022-11-05,Ngaoundere,Adamaoua,fraiche,seche,0,aliment,riz,Nigeria,en_ligne,280226,0,48499,476,133387576
T188,C21226,2024-05-22,Bafoussam,Ouest,fraiche,pluie,0,aliment,sucre,Cameroun,presentiel,237612,0,46306,452,107400624
T189,C73699,2024-06-21,Douala,Littoral,humide,pluie,0,bijoux,bracelet,Nigeria,en_ligne,473555,1,36241,336,159114480
T190,C19071,2024-08-13,Bertoua,Est,humide,pluie,0,cosmetique,parfum,France,presentiel,74099,0,31605,324,24008076
T191,C79822,2023-08-01,Yaounde,Centre,temperee,pluie,0,aliment,farine,Cameroun,en_ligne,281922,0,21136,190,53565180
T192,C26483,2025-06-14,Yaounde,Centre,temperee,pluie,0,habit,veste,Turquie,en_ligne,21975,0,12785,154,3384150
T193,C26828,2025-08-14,Yaounde,Centre,temperee,pluie,0,aliment,riz,Nigeria,en_ligne,137720,0,30543,321,44208120
T194,C96474,2022-08-19,Ebolowa,Sud,humide,pluie,0,aliment,sucre,Cameroun,en_ligne,389962,0,2133,1,389962
T195,C72296,2025-06-06,Garoua,Nord,chaude,pluie,0,habit,pantalon,Chine,presentiel,231027,1,36162,365,84324855
T196,C82063,2023-09-22,Kribi,Sud,humide,pluie,0,habit,tshirt,USA,presentiel,247011,0,23519,223,55083453
T197,C31643,2022-11-09,Maroua,Extreme-Nord,tres_chaude,seche,0,cosmetique,savon,Cameroun,presentiel,184958,0,26808,262,48458996
T198,C44741,2022-06-05,Maroua,Extreme-Nord,tres_chaude,pluie,0,habit,boubou,Turquie,en_ligne,345681,0,25912,250,86420250
T199,C79163,2022-10-09,Douala,Littoral,humide,seche,0,habit,pantalon,Chine,en_ligne,236554,0,9220,83,19633982
T200,C89507,2025-05-14,Kribi,Sud,humide,pluie,0,aliment,boisson,Cameroun,presentiel,247546,0,45292,442,109415332
T201,C65461,2025-04-23,Ngaoundere,Adamaoua,fraiche,pluie,1,aliment,riz,Nigeria,presentiel,81141,0,22931,262,21258942
T202,C37760,2025-09-21,Yaounde,Centre,temperee,pluie,0,aliment,boisson,Cameroun,presentiel,125008,1,23216,242,30251936
T203,C80686,2023-06-01,Maroua,Extreme-Nord,tres_chaude,pluie,0,aliment,lait,France,presentiel,148649,0,28645,294,43702806
T204,C36365,2022-10-30,Bertoua,Est,humide,seche,0,cosmetique,savon,Cameroun,presentiel,425875,0,31910,293,124781375
T205,C50857,2025-08-20,Garoua,Nord,chaude,pluie,0,habit,chaussure,Italie,presentiel,105409,0,49746,507,53442363
T206,C62296,2025-03-30,Ebolowa,Sud,humide,pluie,1,habit,tshirt,USA,presentiel,480366,1,25943,222,106641252
T207,C98039,2025-11-05,Maroua,Extreme-Nord,tres_chaude,seche,0,bijoux,bracelet,Nigeria,presentiel,38321,1,33788,358,13718918
T208,C95180,2024-04-30,Douala,Littoral,humide,pluie,1,habit,pantalon,Chine,presentiel,53924,0,27743,294,15853656
T209,C58944,2023-12-12,Garoua,Nord,chaude,seche,0,bijoux,bague,Espagne,presentiel,141999,0,22463,228,32375772
T210,C67422,2025-07-14,Bafoussam,Ouest,fraiche,pluie,0,aliment,huile,Cameroun,presentiel,341720,0,28461,280,95681600
T211,C77839,2024-03-26,Yaounde,Centre,temperee,pluie,1,habit,chapeau,Nigeria,en_ligne,55551,0,11583,126,6999426
T212,C69177,2024-02-22,Ngaoundere,Adamaoua,fraiche,seche,0,habit,boubou,Turquie,presentiel,191420,1,41994,422,80779240
T213,C25860,2025-02-21,Ebolowa,Sud,humide,seche,0,habit,veste,Turquie,en_ligne,473828,0,37670,343,162523004
T214,C42493,2025-09-19,Bamenda,Nord-Ouest,fraiche,pluie,0,habit,veste,Turquie,presentiel,175724,1,31030,327,57461748
T215,C39451,2025-03-13,Kribi,Sud,humide,pluie,1,aliment,boisson,Cameroun,presentiel,176668,0,20849,209,36923612
T216,C18392,2025-10-06,Kribi,Sud,humide,seche,0,aliment,farine,Cameroun,en_ligne,312512,0,6461,45,14063040
T217,C54313,2022-02-05,Bamenda,Nord-Ouest,fraiche,seche,0,bijoux,colier,USA,presentiel,416891,0,13693,114,47525574
T218,C12757,2025-02-15,Garoua,Nord,chaude,seche,0,cosmetique,parfum,France,presentiel,83929,0,38540,399,33487671
T219,C87110,2023-08-07,Bertoua,Est,humide,pluie,0,bijoux,montre,Italie,en_ligne,253459,0,36471,358,90738322
T220,C82603,2025-05-10,Ebolowa,Sud,humide,pluie,0,bijoux,montre,Italie,en_ligne,262337,0,26180,250,65584250
T221,C40161,2025-02-05,Yaounde,Centre,temperee,seche,0,habit,tshirt,USA,en_ligne,70388,0,33775,357,25128516
T222,C87128,2025-03-29,Kribi,Sud,humide,pluie,1,habit,tshirt,USA,presentiel,494289,0,4378,11,5437179
T223,C38864,2025-10-29,Ngaoundere,Adamaoua,fraiche,seche,0,cosmetique,shampoing,Nigeria,presentiel,424587,1,38487,361,153275907
T224,C10942,2025-01-30,Kribi,Sud,humide,seche,0,habit,tshirt,USA,en_ligne,375479,0,7863,64,24030656
T225,C19305,2022-03-14,Bertoua,Est,humide,pluie,1,cosmetique,savon,Cameroun,presentiel,379539,0,3733,26,9868014
T226,C92719,2023-03-04,Garoua,Nord,chaude,pluie,1,habit,pantalon,Chine,presentiel,495948,0,8553,53,26285244
T227,C17716,2025-02-27,Ngaoundere,Adamaoua,fraiche,seche,0,aliment,huile,Cameroun,presentiel,258353,0,32027,312,80606136
T228,C40007,2023-03-29,Ebolowa,Sud,humide,pluie,1,habit,pantalon,Chine,en_ligne,232008,1,3103,25,5800200
T229,C18834,2025-11-24,Bertoua,Est,humide,seche,0,habit,chaussure,Italie,presentiel,337126,0,48251,458,154403708
T230,C14117,2025-06-25,Douala,Littoral,humide,pluie,0,bijoux,montre,Italie,en_ligne,385381,0,26362,238,91720678
T231,C53309,2024-10-09,Maroua,Extreme-Nord,tres_chaude,seche,0,habit,boubou,Turquie,presentiel,221249,0,18812,182,40267318
T232,C19287,2024-02-09,Ebolowa,Sud,humide,seche,0,habit,veste,Turquie,presentiel,175757,0,36055,356,62569492
T233,C77391,2022-11-07,Maroua,Extreme-Nord,tres_chaude,seche,0,cosmetique,shampoing,Nigeria,presentiel,204043,1,36895,358,73047394
T234,C41195,2022-02-11,Maroua,Extreme-Nord,tres_chaude,seche,0,aliment,sucre,Cameroun,presentiel,47033,1,8345,90,4232970
T235,C46500,2024-10-27,Bamenda,Nord-Ouest,fraiche,seche,0,habit,robe,France,presentiel,270865,0,7393,62,16793630
T236,C97684,2022-09-23,Ebolowa,Sud,humide,pluie,0,habit,chapeau,Nigeria,presentiel,120947,0,31572,321,38823987
T237,C73624,2022-08-26,Bamenda,Nord-Ouest,fraiche,pluie,0,habit,chapeau,Nigeria,presentiel,204380,0,48539,481,98306780
T238,C38080,2024-09-20,Bamenda,Nord-Ouest,fraiche,pluie,0,habit,veste,Turquie,en_ligne,484315,1,11891,101,48915815
T239,C80678,2024-09-15,Maroua,Extreme-Nord,tres_chaude,pluie,0,aliment,riz,Nigeria,presentiel,205218,0,13848,142,29140956
T240,C27342,2024-02-17,Ebolowa,Sud,humide,seche,0,habit,veste,Turquie,presentiel,487278,0,25052,220,107201160
T241,C84847,2022-03-24,Ebolowa,Sud,humide,pluie,1,aliment,huile,Cameroun,presentiel,30141,0,31843,338,10187658
T242,C85525,2025-07-07,Bamenda,Nord-Ouest,fraiche,pluie,0,habit,veste,Turquie,en_ligne,429387,0,41799,401,172184187
T243,C71953,2022-05-04,Maroua,Extreme-Nord,tres_chaude,pluie,0,aliment,boisson,Cameroun,presentiel,335373,0,14838,143,47958339
T244,C41850,2022-06-04,Maroua,Extreme-Nord,tres_chaude,pluie,0,aliment,boisson,Cameroun,presentiel,333396,0,4501,38,12669048
T245,C71993,2022-09-03,Maroua,Extreme-Nord,tres_chaude,pluie,0,habit,tshirt,USA,presentiel,138614,0,22760,245,33960430
T246,C63354,2022-08-30,Garoua,Nord,chaude,pluie,0,aliment,boisson,Cameroun,presentiel,264307,0,4815,48,12686736
T247,C34957,2022-11-04,Ngaoundere,Adamaoua,fraiche,seche,0,aliment,boisson,Cameroun,presentiel,301631,1,21243,210,63342510
T248,C22363,2025-12-30,Maroua,Extreme-Nord,tres_chaude,seche,0,habit,tshirt,USA,presentiel,55352,0,3211,65,3597880
T249,C22704,2023-03-01,Douala,Littoral,humide,pluie,1,habit,chaussure,Italie,en_ligne,222169,1,28691,289,64206841
T250,C96374,2024-02-28,Ngaoundere,Adamaoua,fraiche,seche,0,aliment,huile,Cameroun,presentiel,182302,1,25451,256,46669312
T251,C66498,2023-08-04,Douala,Littoral,humide,pluie,0,bijoux,montre,Italie,en_ligne,325064,1,36244,349,113447336
T252,C56438,2023-02-12,Bafoussam,Ouest,fraiche,seche,0,aliment,farine,Cameroun,presentiel,96439,0,49537,501,48315939
T253,C65519,2023-03-12,Bafoussam,Ouest,fraiche,pluie,1,aliment,boisson,Cameroun,presentiel,94601,0,39281,401,37935001
T254,C63883,2025-10-07,Bertoua,Est,humide,seche,0,cosmetique,savon,Cameroun,en_ligne,41279,1,17650,197,8131963
T255,C71213,2022-12-26,Ebolowa,Sud,humide,seche,0,habit,robe,France,en_ligne,210432,0,6999,81,17044992
T256,C17100,2022-06-18,Ebolowa,Sud,humide,pluie,0,cosmetique,savon,Cameroun,presentiel,311001,1,25247,256,79616256
T257,C98259,2024-02-09,Maroua,Extreme-Nord,tres_chaude,seche,0,aliment,riz,Nigeria,en_ligne,47838,0,23973,253,12103014
T258,C95649,2023-05-03,Kribi,Sud,humide,pluie,0,habit,chapeau,Nigeria,en_ligne,409507,0,27955,253,103605271
T259,C94696,2023-11-17,Douala,Littoral,humide,seche,0,cosmetique,creme,France,presentiel,122029,1,10756,121,14765509
T260,C22899,2024-07-31,Yaounde,Centre,temperee,pluie,0,aliment,boisson,Cameroun,presentiel,319677,1,14591,136,43476072
T261,C17944,2023-10-24,Ebolowa,Sud,humide,seche,0,habit,tshirt,USA,en_ligne,66028,0,24878,256,16903168
T262,C62772,2025-12-01,Bertoua,Est,humide,seche,0,cosmetique,savon,Cameroun,presentiel,69260,1,8726,103,7133780
T263,C54473,2022-01-19,Ngaoundere,Adamaoua,fraiche,seche,0,cosmetique,parfum,France,presentiel,273640,1,29826,303,82912920
T264,C24322,2022-12-28,Kribi,Sud,humide,seche,0,cosmetique,parfum,France,presentiel,444882,1,48251,486,216212652
T265,C42591,2025-06-01,Kribi,Sud,humide,pluie,0,habit,tshirt,USA,presentiel,169807,1,14062,142,24112594
T266,C35112,2024-07-25,Ebolowa,Sud,humide,pluie,0,cosmetique,savon,Cameroun,presentiel,143877,1,13964,154,22157058
T267,C34931,2025-12-31,Ebolowa,Sud,humide,seche,0,habit,veste,Turquie,presentiel,449557,1,17101,147,66084879
T268,C80292,2025-11-05,Bamenda,Nord-Ouest,fraiche,seche,0,bijoux,bracelet,Nigeria,en_ligne,25705,0,38376,399,10256295
T269,C68800,2024-05-20,Garoua,Nord,chaude,pluie,0,habit,chaussure,Italie,presentiel,35848,0,27786,293,10503464
T270,C28373,2023-05-31,Bafoussam,Ouest,fraiche,pluie,0,aliment,huile,Cameroun,presentiel,488275,0,43563,410,200192750
T271,C65296,2023-08-17,Bafoussam,Ouest,fraiche,pluie,0,aliment,boisson,Cameroun,presentiel,70926,0,12713,140,9929640
T272,C34050,2025-02-06,Kribi,Sud,humide,seche,0,aliment,lait,France,presentiel,59775,0,5489,59,3526725
T273,C46509,2022-04-23,Ngaoundere,Adamaoua,fraiche,pluie,1,aliment,boisson,Cameroun,en_ligne,420267,1,46046,444,186598548
T274,C70637,2024-10-16,Maroua,Extreme-Nord,tres_chaude,seche,0,aliment,lait,France,presentiel,313955,1,18414,175,54942125
T275,C42742,2022-03-19,Ngaoundere,Adamaoua,fraiche,pluie,1,habit,boubou,Turquie,en_ligne,228876,1,46870,488,111691488
T276,C19880,2022-09-11,Maroua,Extreme-Nord,tres_chaude,pluie,0,aliment,lait,France,presentiel,479746,1,17853,160,76759360
T277,C68082,2025-08-18,Kribi,Sud,humide,pluie,0,aliment,boisson,Cameroun,presentiel,246809,1,43383,432,106621488
T278,C82132,2025-07-07,Ngaoundere,Adamaoua,fraiche,pluie,0,aliment,sucre,Cameroun,presentiel,70920,0,13513,141,9999720
T279,C22833,2024-09-11,Bamenda,Nord-Ouest,fraiche,pluie,0,bijoux,montre,Italie,en_ligne,356717,0,37786,357,127347969
T280,C16630,2025-05-28,Bertoua,Est,humide,pluie,0,habit,chaussure,Italie,presentiel,142905,1,49753,501,71595405
T281,C95477,2025-06-05,Bertoua,Est,humide,pluie,0,aliment,huile,Cameroun,presentiel,368008,0,17093,157,57777256
T282,C80855,2024-12-29,Yaounde,Centre,temperee,seche,0,cosmetique,shampoing,Nigeria,presentiel,472670,1,11949,97,45848990
T283,C11934,2024-06-14,Ebolowa,Sud,humide,pluie,0,habit,chapeau,Nigeria,en_ligne,251430,0,31723,305,76686150
T284,C22224,2023-01-06,Ebolowa,Sud,humide,seche,0,cosmetique,maquillage,USA,presentiel,354680,0,29320,265,93990200
T285,C40982,2024-06-13,Kribi,Sud,humide,pluie,0,habit,chapeau,Nigeria,presentiel,326176,1,33360,319,104050144
T286,C31798,2022-01-28,Kribi,Sud,humide,seche,0,habit,chaussure,Italie,presentiel,350688,0,12505,103,36120864
T287,C63269,2024-04-21,Garoua,Nord,chaude,pluie,1,habit,boubou,Turquie,presentiel,332817,0,11427,120,39938040
T288,C73653,2023-09-29,Ngaoundere,Adamaoua,fraiche,pluie,0,bijoux,colier,USA,presentiel,32651,0,17014,181,5909831
T289,C73092,2023-07-15,Ngaoundere,Adamaoua,fraiche,pluie,0,aliment,lait,France,presentiel,426149,0,11003,94,40058006
T290,C38016,2022-03-20,Maroua,Extreme-Nord,tres_chaude,pluie,1,cosmetique,savon,Cameroun,presentiel,173033,0,34901,362,62637946
T291,C62565,2025-07-01,Bafoussam,Ouest,fraiche,pluie,0,aliment,riz,Nigeria,presentiel,20658,0,48583,512,10576896
T292,C17685,2023-08-24,Yaounde,Centre,temperee,pluie,0,aliment,riz,Nigeria,presentiel,135623,0,49179,508,68896484
T293,C31579,2023-05-23,Ebolowa,Sud,humide,pluie,0,habit,chapeau,Nigeria,presentiel,416600,0,22467,203,84569800
T294,C59672,2025-05-18,Kribi,Sud,humide,pluie,0,habit,chapeau,Nigeria,presentiel,479958,0,11136,78,37436724
T295,C10282,2022-10-10,Yaounde,Centre,temperee,seche,0,cosmetique,creme,France,en_ligne,480336,0,33400,302,145061472
T296,C61173,2022-09-17,Maroua,Extreme-Nord,tres_chaude,pluie,0,habit,chemises,France,presentiel,64987,1,44938,452,29374124
T297,C44760,2023-07-29,Ngaoundere,Adamaoua,fraiche,pluie,0,aliment,riz,Nigeria,en_ligne,396341,1,26190,256,101463296
T298,C69638,2022-05-11,Douala,Littoral,humide,pluie,0,cosmetique,maquillage,USA,presentiel,263501,0,33014,324,85374324
T299,C47388,2025-10-27,Maroua,Extreme-Nord,tres_chaude,seche,0,bijoux,bague,Espagne,presentiel,124232,0,46463,473,58761736
T300,C65444,2023-12-26,Bertoua,Est,humide,seche,0,cosmetique,parfum,France,presentiel,192237,0,36136,390,74972430
T301,C82845,2025-05-26,Douala,Littoral,humide,pluie,0,cosmetique,maquillage,USA,presentiel,205058,0,5453,55,11278190
T302,C96752,2022-10-06,Maroua,Extreme-Nord,tres_chaude,seche,0,cosmetique,maquillage,USA,presentiel,435934,0,12596,90,39234060
T303,C73788,2024-06-11,Yaounde,Centre,temperee,pluie,0,aliment,boisson,Cameroun,en_ligne,125950,0,39132,394,49624300
T304,C30289,2022-05-04,Douala,Littoral,humide,pluie,0,bijoux,colier,USA,en_ligne,208402,0,22444,221,46056842
T305,C34890,2022-05-23,Garoua,Nord,chaude,pluie,0,aliment,boisson,Cameroun,presentiel,403395,1,16863,156,62929620
T306,C48890,2023-07-05,Ebolowa,Sud,humide,pluie,0,habit,tshirt,USA,presentiel,52290,1,7438,85,4444650
T307,C38534,2025-10-09,Bertoua,Est,humide,seche,0,aliment,boisson,Cameroun,presentiel,279181,0,38449,380,106088780
T308,C17665,2022-10-08,Bertoua,Est,humide,seche,0,aliment,pates,Italie,en_ligne,282495,1,15302,136,38419320
T309,C85914,2025-12-20,Bafoussam,Ouest,fraiche,seche,0,habit,chapeau,Nigeria,presentiel,30365,1,11022,123,3734895
T310,C81066,2023-09-25,Bafoussam,Ouest,fraiche,pluie,0,habit,pantalon,Chine,en_ligne,36228,0,31675,318,11520504
T311,C17989,2022-10-13,Ebolowa,Sud,humide,seche,0,bijoux,montre,Italie,presentiel,392346,0,11260,94,36880524
T312,C51104,2022-03-09,Bertoua,Est,humide,pluie,1,habit,pantalon,Chine,presentiel,65095,0,21194,218,14190710
T313,C17492,2023-03-08,Bafoussam,Ouest,fraiche,pluie,1,aliment,huile,Cameroun,presentiel,51812,0,44920,469,24299828
T314,C16572,2024-10-09,Ebolowa,Sud,humide,seche,0,aliment,lait,France,presentiel,481713,1,44116,409,197020617
T315,C86569,2025-08-17,Ngaoundere,Adamaoua,fraiche,pluie,0,aliment,huile,Cameroun,presentiel,328190,0,45734,456,149654640
T316,C72493,2024-03-30,Maroua,Extreme-Nord,tres_chaude,pluie,1,bijoux,bague,Espagne,presentiel,457160,1,28823,266,121604560
T317,C75909,2022-12-14,Bamenda,Nord-Ouest,fraiche,seche,0,aliment,boisson,Cameroun,presentiel,395409,0,11210,121,47844489
T318,C79615,2025-01-15,Maroua,Extreme-Nord,tres_chaude,seche,0,cosmetique,savon,Cameroun,en_ligne,401932,0,41709,396,159165072
T319,C30635,2025-11-04,Kribi,Sud,humide,seche,0,habit,tshirt,USA,presentiel,228727,0,17859,179,40942133
T320,C17455,2023-10-15,Maroua,Extreme-Nord,tres_chaude,seche,0,habit,veste,Turquie,en_ligne,432634,1,47988,455,196848470
T321,C76562,2022-12-07,Garoua,Nord,chaude,seche,0,habit,chaussure,Italie,presentiel,329477,1,5483,63,20757051
T322,C20500,2024-03-27,Ebolowa,Sud,humide,pluie,1,bijoux,montre,Italie,presentiel,378742,0,22074,197,74612174
T323,C34356,2024-06-25,Douala,Littoral,humide,pluie,0,cosmetique,creme,France,en_ligne,80279,0,42112,436,35001644
T324,C18981,2025-08-17,Kribi,Sud,humide,pluie,0,aliment,boisson,Cameroun,en_ligne,211754,0,35840,356,75384424
T325,C87992,2024-04-29,Yaounde,Centre,temperee,pluie,1,cosmetique,shampoing,Nigeria,en_ligne,150049,0,34562,360,54017640
T326,C18907,2025-01-12,Douala,Littoral,humide,seche,0,bijoux,bracelet,Nigeria,en_ligne,409592,1,37842,363,148681896
T327,C98501,2022-07-21,Yaounde,Centre,temperee,pluie,0,habit,tshirt,USA,en_ligne,473249,0,40332,374,176995126
T328,C40828,2024-02-10,Bamenda,Nord-Ouest,fraiche,seche,0,habit,pantalon,Chine,presentiel,163445,1,28017,288,47072160
T329,C62923,2022-09-15,Douala,Littoral,humide,pluie,0,habit,veste,Turquie,en_ligne,167696,0,2018,35,5869360
T330,C25713,2025-10-12,Garoua,Nord,chaude,seche,0,bijoux,bague,Espagne,presentiel,302536,0,10536,93,28135848
T331,C84668,2025-02-04,Yaounde,Centre,temperee,seche,0,bijoux,bracelet,Nigeria,en_ligne,169860,1,36047,362,61489320
T332,C42271,2022-07-14,Ebolowa,Sud,humide,pluie,0,habit,veste,Turquie,presentiel,339913,0,1161,3,1019739
T333,C85880,2025-11-04,Douala,Littoral,humide,seche,0,cosmetique,parfum,France,en_ligne,471924,0,39352,374,176499576
T334,C87924,2024-04-12,Douala,Littoral,humide,pluie,1,habit,chemises,France,en_ligne,304523,0,44034,414,126072522
T335,C15209,2024-05-30,Maroua,Extreme-Nord,tres_chaude,pluie,0,cosmetique,savon,Cameroun,presentiel,93575,1,29524,316,29569700
T336,C91183,2025-12-28,Garoua,Nord,chaude,seche,0,habit,pantalon,Chine,presentiel,122906,0,42158,427,52480862
T337,C20745,2022-12-29,Kribi,Sud,humide,seche,0,habit,chapeau,Nigeria,presentiel,117598,0,2189,27,3175146
T338,C64948,2022-06-19,Garoua,Nord,chaude,pluie,0,habit,boubou,Turquie,presentiel,204747,0,25392,259,53029473
T339,C96163,2022-04-19,Maroua,Extreme-Nord,tres_chaude,pluie,1,aliment,boisson,Cameroun,presentiel,135004,0,21320,228,30780912
T340,C86503,2024-08-04,Bafoussam,Ouest,fraiche,pluie,0,aliment,farine,Cameroun,en_ligne,132544,0,16786,171,22665024
T341,C84085,2022-10-27,Ngaoundere,Adamaoua,fraiche,seche,0,aliment,lait,France,presentiel,158951,1,37792,381,60560331
T342,C78522,2022-05-19,Bamenda,Nord-Ouest,fraiche,pluie,0,cosmetique,shampoing,Nigeria,presentiel,321313,0,46860,466,149731858
T343,C51467,2024-02-01,Bafoussam,Ouest,fraiche,seche,0,aliment,farine,Cameroun,en_ligne,82388,0,43191,441,36333108
T344,C44179,2022-03-05,Garoua,Nord,chaude,pluie,1,habit,boubou,Turquie,presentiel,414811,0,44809,450,186664950
T345,C36772,2023-04-21,Garoua,Nord,chaude,pluie,1,habit,chapeau,Nigeria,presentiel,162761,1,32292,318,51757998
T346,C97782,2022-05-27,Kribi,Sud,humide,pluie,0,cosmetique,maquillage,USA,presentiel,473621,0,40717,367,173818907
T347,C51180,2025-01-30,Douala,Littoral,humide,seche,0,bijoux,colier,USA,en_ligne,195226,1,39430,393,76723818
T348,C41285,2024-08-31,Yaounde,Centre,temperee,pluie,0,habit,veste,Turquie,presentiel,185043,1,19523,212,39229116
T349,C44814,2022-04-26,Douala,Littoral,humide,pluie,1,cosmetique,shampoing,Nigeria,presentiel,344162,0,21846,211,72618182
T350,C61876,2024-11-02,Ngaoundere,Adamaoua,fraiche,seche,0,aliment,huile,Cameroun,presentiel,219770,1,19357,198,43514460
T351,C27154,2022-11-16,Garoua,Nord,chaude,seche,0,aliment,huile,Cameroun,presentiel,83442,0,20556,212,17689704
T352,C98039,2022-01-19,Yaounde,Centre,temperee,seche,0,habit,tshirt,USA,en_ligne,143958,0,3383,48,6909984
T353,C94607,2022-01-01,Garoua,Nord,chaude,seche,0,habit,pantalon,Chine,presentiel,402511,1,41236,393,158186823
T354,C49321,2023-07-01,Yaounde,Centre,temperee,pluie,0,habit,pantalon,Chine,presentiel,264093,0,8625,77,20335161
T355,C69929,2025-01-03,Bafoussam,Ouest,fraiche,seche,0,aliment,boisson,Cameroun,presentiel,12207,0,28240,304,3710928
T356,C51441,2025-02-20,Maroua,Extreme-Nord,tres_chaude,seche,0,aliment,huile,Cameroun,en_ligne,145521,1,40611,414,60245694
T357,C19508,2025-04-26,Yaounde,Centre,temperee,pluie,1,bijoux,bracelet,Nigeria,presentiel,229230,0,2971,25,5730750
T358,C11220,2024-08-31,Bertoua,Est,humide,pluie,0,aliment,farine,Cameroun,en_ligne,25782,0,2388,34,876588
T359,C70068,2025-06-10,Garoua,Nord,chaude,pluie,0,aliment,sucre,Cameroun,presentiel,484616,1,30770,277,134238632
T360,C91416,2022-07-02,Ngaoundere,Adamaoua,fraiche,pluie,0,cosmetique,creme,France,presentiel,122263,0,25255,256,31299328
T361,C83792,2024-11-03,Yaounde,Centre,temperee,seche,0,habit,chapeau,Nigeria,en_ligne,230174,0,18711,183,42121842
T362,C23104,2024-02-15,Yaounde,Centre,temperee,seche,0,habit,chaussure,Italie,presentiel,206535,0,46174,462,95419170
T363,C19602,2024-09-17,Douala,Littoral,humide,pluie,0,bijoux,bracelet,Nigeria,presentiel,439973,1,28010,261,114832953
T364,C80468,2024-03-28,Bertoua,Est,humide,pluie,1,aliment,sucre,Cameroun,presentiel,319247,0,40606,395,126102565
T365,C37938,2023-07-31,Bafoussam,Ouest,fraiche,pluie,0,aliment,huile,Cameroun,presentiel,492083,1,25414,234,115147422
T366,C76307,2022-06-26,Maroua,Extreme-Nord,tres_chaude,pluie,0,bijoux,bague,Espagne,en_ligne,34441,0,34736,356,12260996
T367,C44760,2023-09-24,Ngaoundere,Adamaoua,fraiche,pluie,0,cosmetique,parfum,France,en_ligne,100538,0,24447,247,24832886
T368,C27361,2023-03-07,Ebolowa,Sud,humide,pluie,1,habit,chapeau,Nigeria,presentiel,269986,0,45988,449,121223714
T369,C55745,2025-08-20,Ngaoundere,Adamaoua,fraiche,pluie,0,habit,tshirt,USA,presentiel,69055,0,38881,396,27345780
T370,C19016,2025-06-13,Ebolowa,Sud,humide,pluie,0,aliment,huile,Cameroun,en_ligne,291508,1,26674,266,77541128
T371,C42018,2023-10-11,Ebolowa,Sud,humide,seche,0,bijoux,boucle,Nigeria,presentiel,184240,1,42858,421,77565040
T372,C58434,2024-02-15,Ngaoundere,Adamaoua,fraiche,seche,0,cosmetique,savon,Cameroun,presentiel,247739,0,16943,164,40629196
T373,C47353,2024-04-01,Maroua,Extreme-Nord,tres_chaude,pluie,1,aliment,boisson,Cameroun,en_ligne,475314,0,26692,247,117402558
T374,C30676,2022-02-23,Kribi,Sud,humide,seche,0,bijoux,bracelet,Nigeria,presentiel,292316,0,18219,166,48524456
T375,C67433,2024-05-17,Kribi,Sud,humide,pluie,0,habit,veste,Turquie,presentiel,233440,1,24107,253,59060320
T376,C81200,2024-01-10,Kribi,Sud,humide,seche,0,habit,chapeau,Nigeria,presentiel,366662,1,11970,101,37032862
T377,C49651,2022-04-14,Kribi,Sud,humide,pluie,1,bijoux,boucle,Nigeria,en_ligne,73354,0,30136,304,22299616
T378,C90173,2025-11-15,Garoua,Nord,chaude,seche,0,habit,veste,Turquie,presentiel,316099,0,6175,47,14856653
T379,C95717,2023-04-29,Ngaoundere,Adamaoua,fraiche,pluie,1,habit,chemises,France,en_ligne,6426,1,27626,293,1882818
T380,C79329,2024-12-04,Maroua,Extreme-Nord,tres_chaude,seche,0,aliment,huile,Cameroun,en_ligne,371128,1,21749,224,83132672
T381,C11025,2025-05-26,Bamenda,Nord-Ouest,fraiche,pluie,0,cosmetique,parfum,France,en_ligne,421639,1,12741,100,42163900
T382,C97538,2022-08-21,Douala,Littoral,humide,pluie,0,habit,veste,Turquie,presentiel,341384,0,46493,455,155329720
T383,C82692,2022-09-24,Garoua,Nord,chaude,pluie,0,aliment,lait,France,presentiel,251243,0,33860,339,85171377
T384,C49240,2025-01-30,Bertoua,Est,humide,seche,0,bijoux,bague,Espagne,presentiel,344504,0,11053,81,27904824
T385,C96951,2022-01-05,Bamenda,Nord-Ouest,fraiche,seche,0,habit,chaussure,Italie,en_ligne,495216,1,44789,425,210466800
T386,C23577,2022-10-04,Garoua,Nord,chaude,seche,0,habit,chaussure,Italie,presentiel,303265,0,43329,417,126461505
T387,C27601,2024-09-16,Maroua,Extreme-Nord,tres_chaude,pluie,0,aliment,lait,France,en_ligne,467226,1,42526,411,192029886
T388,C44664,2022-09-29,Bamenda,Nord-Ouest,fraiche,pluie,0,habit,chaussure,Italie,presentiel,75402,1,23564,250,18850500
T389,C25129,2022-10-01,Bafoussam,Ouest,fraiche,seche,0,aliment,huile,Cameroun,presentiel,191699,1,25392,253,48499847
T390,C24029,2025-07-20,Garoua,Nord,chaude,pluie,0,aliment,huile,Cameroun,presentiel,218204,1,10737,116,25311664
T391,C82512,2023-05-10,Douala,Littoral,humide,pluie,0,cosmetique,shampoing,Nigeria,en_ligne,95783,1,41065,437,41857171
T392,C30374,2023-02-25,Kribi,Sud,humide,seche,0,cosmetique,creme,France,presentiel,157604,0,4987,48,7564992
T393,C45697,2023-04-01,Maroua,Extreme-Nord,tres_chaude,pluie,1,cosmetique,savon,Cameroun,presentiel,481083,0,12317,101,48589383
T394,C46930,2025-07-12,Maroua,Extreme-Nord,tres_chaude,pluie,0,aliment,riz,Nigeria,presentiel,480879,0,20228,179,86077341
T395,C89276,2024-09-06,Bamenda,Nord-Ouest,fraiche,pluie,0,aliment,sucre,Cameroun,en_ligne,128310,0,19169,183,23480730
T396,C37607,2022-10-01,Bamenda,Nord-Ouest,fraiche,seche,0,habit,pantalon,Chine,presentiel,65811,1,15437,174,11451114
T397,C54942,2025-11-28,Bamenda,Nord-Ouest,fraiche,seche,0,habit,chaussure,Italie,en_ligne,481336,0,25812,222,106856592
T398,C36685,2025-07-25,Yaounde,Centre,temperee,pluie,0,habit,pantalon,Chine,presentiel,342676,1,2891,14,4797464
T399,C93130,2023-10-23,Bafoussam,Ouest,fraiche,seche,0,aliment,sucre,Cameroun,en_ligne,101003,0,43018,439,44340317
T400,C44600,2022-06-03,Bertoua,Est,humide,pluie,0,aliment,boisson,Cameroun,presentiel,403491,0,35968,339,136783449
T401,C76244,2023-07-07,Bafoussam,Ouest,fraiche,pluie,0,aliment,boisson,Cameroun,presentiel,416170,0,16674,140,58263800
T402,C74032,2023-02-25,Douala,Littoral,humide,seche,0,bijoux,montre,Italie,presentiel,147342,0,47088,476,70134792
T403,C42914,2023-06-20,Kribi,Sud,humide,pluie,0,aliment,huile,Cameroun,presentiel,139686,0,23175,238,33245268
T404,C16658,2024-05-26,Garoua,Nord,chaude,pluie,0,aliment,boisson,Cameroun,presentiel,51976,0,25295,275,14293400
T405,C22097,2025-09-11,Garoua,Nord,chaude,pluie,0,cosmetique,savon,Cameroun,en_ligne,349220,0,38422,366,127814520
T406,C93136,2022-12-08,Bamenda,Nord-Ouest,fraiche,seche,0,aliment,pates,Italie,presentiel,47475,1,26584,277,13150575
T407,C65518,2022-11-02,Garoua,Nord,chaude,seche,0,habit,chemises,France,en_ligne,394573,0,7234,42,16572066
T408,C46265,2023-05-19,Maroua,Extreme-Nord,tres_chaude,pluie,0,aliment,boisson,Cameroun,en_ligne,321759,0,10034,100,32175900
T409,C15778,2025-05-10,Yaounde,Centre,temperee,pluie,0,cosmetique,parfum,France,en_ligne,71087,0,27148,277,19691099
T410,C10464,2023-03-12,Ebolowa,Sud,humide,pluie,1,habit,chapeau,Nigeria,en_ligne,261904,1,2630,21,5499984
T411,C53719,2025-01-09,Ebolowa,Sud,humide,seche,0,habit,pantalon,Chine,presentiel,402479,0,23769,210,84520590
T412,C27146,2024-10-03,Ngaoundere,Adamaoua,fraiche,seche,0,habit,tshirt,USA,en_ligne,277194,0,18524,183,50726502
T413,C93507,2022-09-19,Bamenda,Nord-Ouest,fraiche,pluie,0,aliment,sucre,Cameroun,en_ligne,305664,1,194,1,305664
T414,C44335,2022-07-11,Douala,Littoral,humide,pluie,0,bijoux,bracelet,Nigeria,en_ligne,314863,0,7639,58,18262054
T415,C31178,2023-01-04,Bafoussam,Ouest,fraiche,seche,0,aliment,sucre,Cameroun,en_ligne,373513,0,4789,29,10831877
T416,C67912,2023-12-29,Bafoussam,Ouest,fraiche,seche,0,aliment,riz,Nigeria,presentiel,143650,0,39214,415,59614750
T417,C82309,2024-09-26,Bafoussam,Ouest,fraiche,pluie,0,habit,chaussure,Italie,en_ligne,265625,1,16855,157,41703125
T418,C66057,2025-10-31,Maroua,Extreme-Nord,tres_chaude,seche,0,aliment,boisson,Cameroun,en_ligne,391570,1,11274,111,43464270
T419,C83519,2025-04-17,Yaounde,Centre,temperee,pluie,1,aliment,boisson,Cameroun,en_ligne,133184,0,48712,490,65260160
T420,C11267,2025-07-30,Douala,Littoral,humide,pluie,0,aliment,boisson,Cameroun,presentiel,467741,0,907,1,467741
T421,C24663,2025-09-03,Yaounde,Centre,temperee,pluie,0,aliment,riz,Nigeria,en_ligne,341933,0,25047,239,81721987
T422,C19862,2025-03-10,Bamenda,Nord-Ouest,fraiche,pluie,1,bijoux,colier,USA,en_ligne,485455,1,37643,348,168938340
T423,C29536,2024-11-18,Bertoua,Est,humide,seche,0,bijoux,montre,Italie,presentiel,27991,0,38576,404,11308364
T424,C81511,2022-01-17,Yaounde,Centre,temperee,seche,0,aliment,boisson,Cameroun,presentiel,326264,1,44525,441,143882424
T425,C14722,2023-03-01,Douala,Littoral,humide,pluie,1,habit,veste,Turquie,en_ligne,61778,0,32108,339,20942742
T426,C58393,2022-07-27,Yaounde,Centre,temperee,pluie,0,bijoux,colier,USA,presentiel,92265,0,28910,297,27402705
T427,C86350,2022-01-20,Ebolowa,Sud,humide,seche,0,bijoux,montre,Italie,presentiel,234930,0,30129,294,69069420
T428,C82420,2024-03-12,Maroua,Extreme-Nord,tres_chaude,pluie,1,habit,robe,France,presentiel,14360,1,29251,306,4394160
T429,C29410,2024-01-15,Bamenda,Nord-Ouest,fraiche,seche,0,cosmetique,savon,Cameroun,presentiel,338960,0,14316,131,44403760
T430,C66333,2024-03-31,Maroua,Extreme-Nord,tres_chaude,pluie,1,bijoux,montre,Italie,en_ligne,265957,0,18865,175,46542475
T431,C26704,2022-10-11,Douala,Littoral,humide,seche,0,cosmetique,maquillage,USA,presentiel,255091,1,40605,401,102291491
T432,C15482,2025-01-01,Kribi,Sud,humide,seche,0,aliment,pates,Italie,presentiel,373344,0,18505,153,57121632
T433,C50404,2025-12-13,Bamenda,Nord-Ouest,fraiche,seche,0,bijoux,bague,Espagne,presentiel,193758,1,2446,23,4456434
T434,C57795,2024-07-03,Bertoua,Est,humide,pluie,0,aliment,farine,Cameroun,presentiel,340089,1,28347,273,92844297
T435,C15229,2023-01-04,Garoua,Nord,chaude,seche,0,habit,chapeau,Nigeria,en_ligne,368142,0,21889,191,70315122
T436,C56898,2022-10-26,Yaounde,Centre,temperee,seche,0,habit,robe,France,en_ligne,216176,0,12645,123,26589648
T437,C37535,2025-09-23,Maroua,Extreme-Nord,tres_chaude,pluie,0,habit,boubou,Turquie,presentiel,279068,1,10646,115,32092820
T438,C99399,2024-05-19,Douala,Littoral,humide,pluie,0,habit,chaussure,Italie,en_ligne,428674,1,23268,215,92164910
T439,C42706,2023-05-24,Maroua,Extreme-Nord,tres_chaude,pluie,0,aliment,farine,Cameroun,en_ligne,176875,1,27192,272,48110000
T440,C97416,2023-07-22,Garoua,Nord,chaude,pluie,0,bijoux,colier,USA,en_ligne,72843,1,49851,512,37295616
T441,C23473,2025-06-29,Garoua,Nord,chaude,pluie,0,habit,boubou,Turquie,presentiel,108133,1,7372,93,10056369
T442,C56357,2025-05-22,Ngaoundere,Adamaoua,fraiche,pluie,0,aliment,huile,Cameroun,en_ligne,295851,0,25418,249,73666899
T443,C83385,2024-08-31,Maroua,Extreme-Nord,tres_chaude,pluie,0,aliment,lait,France,presentiel,277796,0,49816,493,136953428
T444,C63264,2023-12-15,Garoua,Nord,chaude,seche,0,aliment,sucre,Cameroun,presentiel,327203,0,12376,104,34029112
T445,C91351,2022-07-15,Bertoua,Est,humide,pluie,0,habit,pantalon,Chine,presentiel,128270,0,3947,47,6028690
T446,C30257,2025-08-27,Ngaoundere,Adamaoua,fraiche,pluie,0,aliment,lait,France,presentiel,461952,0,19258,169,78069888
T447,C41029,2024-05-30,Garoua,Nord,chaude,pluie,0,aliment,pates,Italie,presentiel,348658,0,35260,327,114011166
T448,C31299,2022-09-18,Kribi,Sud,humide,pluie,0,cosmetique,maquillage,USA,presentiel,280466,0,27538,257,72079762
T449,C33206,2023-04-02,Garoua,Nord,chaude,pluie,1,habit,chaussure,Italie,presentiel,187388,0,36475,363,68021844
T450,C64040,2023-03-26,Garoua,Nord,chaude,pluie,1,habit,boubou,Turquie,en_ligne,473797,0,41700,416,197099552
T451,C13248,2023-05-14,Kribi,Sud,humide,pluie,0,habit,veste,Turquie,en_ligne,257688,0,26849,271,69833448
T452,C33509,2022-09-04,Maroua,Extreme-Nord,tres_chaude,pluie,0,bijoux,bracelet,Nigeria,en_ligne,104811,0,43390,444,46536084
T453,C53540,2025-04-13,Douala,Littoral,humide,pluie,1,cosmetique,creme,France,presentiel,236473,0,25541,255,60300615
T454,C63964,2022-05-21,Maroua,Extreme-Nord,tres_chaude,pluie,0,aliment,lait,France,presentiel,95500,0,19091,211,20150500
T455,C97806,2025-07-29,Douala,Littoral,humide,pluie,0,aliment,boisson,Cameroun,presentiel,279954,0,33604,327,91544958
T456,C42527,2024-03-31,Douala,Littoral,humide,pluie,1,cosmetique,shampoing,Nigeria,presentiel,125130,0,40162,416,52054080
T457,C44970,2023-02-20,Kribi,Sud,humide,seche,0,habit,tshirt,USA,presentiel,44056,0,33292,354,15595824
T458,C30866,2022-12-02,Ebolowa,Sud,humide,seche,0,habit,veste,Turquie,en_ligne,359574,0,4454,23,8270202
T459,C24168,2024-08-19,Ebolowa,Sud,humide,pluie,0,aliment,sucre,Cameroun,en_ligne,308093,0,42235,405,124777665
T460,C60140,2023-03-11,Yaounde,Centre,temperee,pluie,1,cosmetique,creme,France,en_ligne,57480,1,25327,278,15979440
T461,C15075,2024-04-04,Douala,Littoral,humide,pluie,1,cosmetique,parfum,France,en_ligne,354245,0,22483,211,74745695
T462,C71694,2022-11-19,Bafoussam,Ouest,fraiche,seche,0,aliment,sucre,Cameroun,presentiel,391763,0,22407,206,80703178
T463,C39154,2023-09-11,Yaounde,Centre,temperee,pluie,0,habit,tshirt,USA,en_ligne,133742,1,44555,458,61253836
T464,C36158,2025-03-05,Ebolowa,Sud,humide,pluie,1,habit,chapeau,Nigeria,presentiel,454413,1,11597,91,41351583
T465,C70332,2025-10-10,Garoua,Nord,chaude,seche,0,bijoux,bracelet,Nigeria,presentiel,350742,0,35730,340,119252280
T466,C55830,2024-07-13,Kribi,Sud,humide,pluie,0,bijoux,colier,USA,presentiel,249572,0,509,1,249572
T467,C50001,2024-07-26,Kribi,Sud,humide,pluie,0,habit,robe,France,en_ligne,456151,0,38732,361,164670511
T468,C39831,2025-06-14,Yaounde,Centre,temperee,pluie,0,habit,chapeau,Nigeria,presentiel,112986,0,27236,283,31975038
T469,C39219,2023-05-29,Yaounde,Centre,temperee,pluie,0,habit,tshirt,USA,en_ligne,423669,0,12246,93,39401217
T470,C13101,2024-09-16,Garoua,Nord,chaude,pluie,0,bijoux,bague,Espagne,presentiel,160598,0,48584,485,77890030
T471,C96511,2024-06-05,Maroua,Extreme-Nord,tres_chaude,pluie,0,aliment,boisson,Cameroun,presentiel,411760,0,25364,239,98410640
T472,C35313,2023-07-29,Maroua,Extreme-Nord,tres_chaude,pluie,0,aliment,boisson,Cameroun,presentiel,466462,0,35979,337,157197694
T473,C62227,2024-06-20,Ebolowa,Sud,humide,pluie,0,bijoux,bracelet,Nigeria,presentiel,354156,0,36960,344,121829664
T474,C53025,2025-07-05,Bertoua,Est,humide,pluie,0,cosmetique,savon,Cameroun,presentiel,433653,0,27943,268,116219004
T475,C46517,2022-12-31,Bafoussam,Ouest,fraiche,seche,0,aliment,farine,Cameroun,presentiel,430834,0,4614,21,9047514
T476,C19099,2023-05-23,Garoua,Nord,chaude,pluie,0,habit,boubou,Turquie,en_ligne,428903,0,17395,157,67337771
T477,C46585,2022-07-26,Kribi,Sud,humide,pluie,0,bijoux,bracelet,Nigeria,presentiel,98393,0,32855,333,32764869
T478,C56025,2023-11-14,Yaounde,Centre,temperee,seche,0,cosmetique,shampoing,Nigeria,en_ligne,115711,0,22443,226,26150686
T479,C94080,2023-11-26,Garoua,Nord,chaude,seche,0,aliment,boisson,Cameroun,presentiel,168667,0,30473,318,53636106
T480,C76768,2022-06-19,Bamenda,Nord-Ouest,fraiche,pluie,0,habit,pantalon,Chine,en_ligne,227162,1,19630,197,44750914
T481,C62386,2023-11-25,Yaounde,Centre,temperee,seche,0,bijoux,montre,Italie,en_ligne,497236,0,590,1,497236
T482,C99065,2024-09-27,Maroua,Extreme-Nord,tres_chaude,pluie,0,bijoux,bague,Espagne,presentiel,336662,0,18082,167,56222554
T483,C80282,2023-02-10,Maroua,Extreme-Nord,tres_chaude,seche,0,aliment,lait,France,presentiel,219741,0,4549,36,7910676
T484,C53404,2023-01-10,Bertoua,Est,humide,seche,0,aliment,pates,Italie,presentiel,398471,1,36896,340,135480140
T485,C13617,2024-03-15,Douala,Littoral,humide,pluie,1,cosmetique,maquillage,USA,en_ligne,372250,0,22459,205,76311250
T486,C25118,2023-10-22,Bertoua,Est,humide,seche,0,bijoux,montre,Italie,en_ligne,154191,0,39370,397,61213827
T487,C44237,2024-09-02,Bertoua,Est,humide,pluie,0,aliment,sucre,Cameroun,presentiel,267471,1,28870,282,75426822
T488,C33405,2025-06-11,Douala,Littoral,humide,pluie,0,bijoux,colier,USA,presentiel,429214,1,3825,16,6867424
T489,C86099,2023-01-15,Ngaoundere,Adamaoua,fraiche,seche,0,aliment,lait,France,presentiel,205561,1,22438,222,45634542
T490,C44795,2024-12-30,Kribi,Sud,humide,seche,0,bijoux,montre,Italie,en_ligne,4775,0,45639,472,2253800
T491,C15014,2025-01-12,Bafoussam,Ouest,fraiche,seche,0,bijoux,bague,Espagne,presentiel,187639,0,34730,340,63797260
T492,C24208,2022-04-20,Bertoua,Est,humide,pluie,1,habit,tshirt,USA,en_ligne,497654,0,17440,140,69671560
T493,C88193,2022-04-11,Kribi,Sud,humide,pluie,1,habit,boubou,Turquie,presentiel,151886,1,15755,168,25516848
T494,C66959,2024-02-29,Yaounde,Centre,temperee,seche,0,cosmetique,shampoing,Nigeria,en_ligne,405551,0,47315,450,182497950
T495,C55309,2025-07-13,Bertoua,Est,humide,pluie,0,habit,tshirt,USA,presentiel,349247,0,38250,360,125728920
T496,C51114,2024-12-24,Ngaoundere,Adamaoua,fraiche,seche,0,cosmetique,creme,France,presentiel,405561,0,41205,384,155735424
T497,C67199,2024-02-29,Ebolowa,Sud,humide,seche,0,habit,veste,Turquie,presentiel,75616,1,9506,111,8393376
T498,C89457,2023-11-10,Douala,Littoral,humide,seche,0,cosmetique,savon,Cameroun,en_ligne,423594,0,14051,119,50407686
T499,C77033,2023-03-23,Maroua,Extreme-Nord,tres_chaude,pluie,1,aliment,farine,Cameroun,en_ligne,153599,0,5578,51,7833549
T500,C25157,2022-07-06,Ebolowa,Sud,humide,pluie,0,habit,chapeau,Nigeria,presentiel,462784,0,37862,353,163362752
